-- MySQL dump 10.13  Distrib 8.0.26, for Win64 (x86_64)
--
-- Host: localhost    Database: tracnghiemapp
-- ------------------------------------------------------
-- Server version	8.0.26

/*!40101 SET @OLD_CHARACTER_SET_CLIENT=@@CHARACTER_SET_CLIENT */;
/*!40101 SET @OLD_CHARACTER_SET_RESULTS=@@CHARACTER_SET_RESULTS */;
/*!40101 SET @OLD_COLLATION_CONNECTION=@@COLLATION_CONNECTION */;
/*!50503 SET NAMES utf8 */;
/*!40103 SET @OLD_TIME_ZONE=@@TIME_ZONE */;
/*!40103 SET TIME_ZONE='+00:00' */;
/*!40014 SET @OLD_UNIQUE_CHECKS=@@UNIQUE_CHECKS, UNIQUE_CHECKS=0 */;
/*!40014 SET @OLD_FOREIGN_KEY_CHECKS=@@FOREIGN_KEY_CHECKS, FOREIGN_KEY_CHECKS=0 */;
/*!40101 SET @OLD_SQL_MODE=@@SQL_MODE, SQL_MODE='NO_AUTO_VALUE_ON_ZERO' */;
/*!40111 SET @OLD_SQL_NOTES=@@SQL_NOTES, SQL_NOTES=0 */;

--
-- Table structure for table `category`
--

DROP TABLE IF EXISTS `category`;
/*!40101 SET @saved_cs_client     = @@character_set_client */;
/*!50503 SET character_set_client = utf8mb4 */;
CREATE TABLE `category` (
  `id` int NOT NULL AUTO_INCREMENT,
  `title` varchar(250) CHARACTER SET utf8 COLLATE utf8_general_ci DEFAULT NULL,
  PRIMARY KEY (`id`)
) ENGINE=InnoDB AUTO_INCREMENT=5 DEFAULT CHARSET=utf8mb3 COLLATE=utf8_unicode_ci;
/*!40101 SET character_set_client = @saved_cs_client */;

--
-- Dumping data for table `category`
--

LOCK TABLES `category` WRITE;
/*!40000 ALTER TABLE `category` DISABLE KEYS */;
INSERT INTO `category` VALUES (1,'Tiếng anh'),(2,'Triết học Mác - Lênin'),(3,'Cơ sở lập trình'),(4,'Cơ sở dữ liệu');
/*!40000 ALTER TABLE `category` ENABLE KEYS */;
UNLOCK TABLES;

--
-- Table structure for table `histories`
--

DROP TABLE IF EXISTS `histories`;
/*!40101 SET @saved_cs_client     = @@character_set_client */;
/*!50503 SET character_set_client = utf8mb4 */;
CREATE TABLE `histories` (
  `id` int NOT NULL AUTO_INCREMENT,
  `name_id` int DEFAULT NULL,
  `timefinish` varchar(50) CHARACTER SET utf8 COLLATE utf8_general_ci DEFAULT NULL,
  `score` double DEFAULT NULL,
  PRIMARY KEY (`id`),
  KEY `FK_nameId` (`name_id`),
  CONSTRAINT `FK_nameId` FOREIGN KEY (`name_id`) REFERENCES `users` (`id`)
) ENGINE=InnoDB AUTO_INCREMENT=11 DEFAULT CHARSET=utf8mb3 COLLATE=utf8_unicode_ci;
/*!40101 SET character_set_client = @saved_cs_client */;

--
-- Dumping data for table `histories`
--

LOCK TABLES `histories` WRITE;
/*!40000 ALTER TABLE `histories` DISABLE KEYS */;
INSERT INTO `histories` VALUES (1,1,'30 Phút ',7.9),(2,7,'32 Phút 20 Giây',8.9),(3,17,'1 Phút 56 Giây',6.5),(6,5,'32 Phút',8),(8,44,'-14 Phút 13 Giây',0.33),(9,45,'1 Phút 12 Giây',0.66),(10,46,'18 Giây',1.9800000000000002);
/*!40000 ALTER TABLE `histories` ENABLE KEYS */;
UNLOCK TABLES;

--
-- Table structure for table `question`
--

DROP TABLE IF EXISTS `question`;
/*!40101 SET @saved_cs_client     = @@character_set_client */;
/*!50503 SET character_set_client = utf8mb4 */;
CREATE TABLE `question` (
  `id` int NOT NULL AUTO_INCREMENT,
  `content` varchar(500) CHARACTER SET utf8 COLLATE utf8_general_ci DEFAULT NULL,
  `a` varchar(500) CHARACTER SET utf8 COLLATE utf8_general_ci DEFAULT NULL,
  `b` varchar(500) CHARACTER SET utf8 COLLATE utf8_general_ci DEFAULT NULL,
  `c` varchar(500) CHARACTER SET utf8 COLLATE utf8_general_ci DEFAULT NULL,
  `d` varchar(500) CHARACTER SET utf8 COLLATE utf8_general_ci DEFAULT NULL,
  `result` varchar(500) CHARACTER SET utf8 COLLATE utf8_general_ci DEFAULT NULL,
  `category_id` int DEFAULT NULL,
  PRIMARY KEY (`id`),
  KEY `FK_cateId` (`category_id`),
  CONSTRAINT `FK_cateId` FOREIGN KEY (`category_id`) REFERENCES `category` (`id`)
) ENGINE=InnoDB AUTO_INCREMENT=113 DEFAULT CHARSET=utf8mb3 COLLATE=utf8_unicode_ci;
/*!40101 SET character_set_client = @saved_cs_client */;

--
-- Dumping data for table `question`
--

LOCK TABLES `question` WRITE;
/*!40000 ALTER TABLE `question` DISABLE KEYS */;
INSERT INTO `question` VALUES (1,'Lệnh nào trong các lệnh sau cho phép dừng câu lệnh điều khiển:','break','goto','continue','Cả 3 đáp án','B',3),(2,'Lệnh nào trong các lệnh sau cho phép dừng câu lệnh điều khiển:','exit','goto','continue','Cả 3 đáp án','B',3),(3,'Lệnh nào trong các lệnh sau cho phép dừng câu lệnh điều khiển:','exit','goto','continue','Cả 3 đáp án','B',3),(4,'Lệnh nào trong các lệnh sau cho phép dừng câu lệnh điều khiển:','exit','goto','continue','Cả 3 đáp án','B',3),(5,'Lệnh nào trong các lệnh sau cho phép dừng câu lệnh điều khiển:','exit','goto','continue','Cả 3 đáp án','B',3),(6,'Lệnh nào trong các lệnh sau cho phép dừng câu lệnh điều khiển:','exit','goto','continue','Cả 3 đáp án','B',3),(8,'Lệnh nào trong các lệnh sau cho phép dừng câu lệnh điều khiển:','exit','goto','continue','Cả 3 đáp án','B',3),(9,'I have been waiting for you……………','since early morning','since 9 a.m','for two hours','all are correct','D',1),(10,'My sister…………for you since yesterday.','is looking','was looking','has been looking','looked','C',1),(11,'Jack…………the door.','has just painted','paint','will have painted','painting','A',1),(12,'\"I have never been to Russia. I think I shall go there next year.” said Bill.','Bill said that he had never been to Russia and he thought he would go there the next year.','Bill said that he would have never been to Russia and he thinks he would go there the next year.','Bill said that he had never been to Russia and he thinks he will go there the next year.','Bill said that he has never been to Russia and he thinks he would go there the next year.','A',1),(13,'People believed that Jane retired because of her poor health.','Jane is believed to have retired because of her poor health.','Jane was believed to have retired because of her poor health.','It is believed that Jane retired because of her poor health.','Jane retired because of her poor health was believed.','B',1),(14,'The government knows the extent of the problem. The government needs to take action soon.','The government knows the extent of the problem whereas it needs to take action soon.','The government knows the extent of the problem so that it needs to take action soon.','Knowing the extent of the problem, the government needs to take action soon.','The government knows the extent of the problem, or else it needs to take action soon.','C',1),(15,'The substance is very toxic. Protective clothing must be worn at all times.','Since the substance is very toxic, so protective clothing must be worn at all times.','So toxic is the substance that protective clothing must be worn at all times.','The substance is such toxic that protective clothing must be worn at all times.','The substance is too toxic to wear protective clothing at all times.','B',1),(16,'John is studying hard. He doesn’t want to fail the exam.','John is studying hard in Oder not to fail the next exam','John is studying hard in Oder that he not fail the next exam','John is studying hard so as to fail the next exam',' John is studying hard in Oder to not to fail the next exam','A',1),(17,'She gave in her notice. She planned to start her new job in January','She gave in her notice, plan to start her new job in January','She gave in her notice with a view to starting her new job in January','Her notice was given in with an aim to start her new job in January','Her notice was given in order for her to start her new job in January.','B',1),(18,'When the unemployment rate is high, the crime rate is usually also high.','The unemployment rate and the crime rate are both higher.',' The higher the unemployment rate is, the higher the crime rate is.','The unemployment rate is as high as the crime rate.','The high rate of unemployment depends on the high rate of crime.','B',1),(19,'Steve said to Mike, “Don’t touch the electric wires. It might be deadly.”','Steve advised Mike not to touch the electric wires as it might be deadly.','Steve warned Mike not to touch the wires as it might be deadly.','Steve suggested that Mike not touch the electric wires as it might be deadly.','Steve did not allow Mike to touch the electric wires as it might be deadly.','B',1),(20,'I did not see Susan off at the airport. I feel bad about it now.','I could have seen Susan off at the airport.','If only I had seen Susan off at the airport.','That I did not see Susan off at the airport escapes me now.','It suddenly dawns on me that I should have seen Susan off at the airport.','B',1),(21,'Sam doesn’t find it difficult to get up early in the morning.','Sam is in two minds about getting up early in the morning.','Sam is not hesitant to get up early in the morning.','Sam is accustomed to getting up early in the morning.','Sam is pleased with getting up early in the morning.','C',1),(22,'People rumour that the Prince secretly got married to an ordinary girl.','The Prince is rumoured to have secretly got married to an ordinary girl.','It was rumoured that the Prince secretly got married to an ordinary girl.','The Prince was rumoured to secretly get married to an ordinary girl.','The Prince had secretly got married to an ordinary girl, as it was rumoured.','A',1),(23,'There is no doubt that Martin is the best candidate for the job.','Martin is by all means the best candidate for the job.','Without question, Martin is the best candidate for the job.','In all likelihood, Martin is the best candidate for the job.','Quite by chance, Martin is the best candidate for the job.','B',1),(24,'He is very intelligent. He can solve all the problems in no time.','So intelligent is he that he can solve all the problems in no time.','He is very intelligent that he can solve all the problems in no time.','An intelligent student is he that he can solve all the problems in no time.','So intelligent a student is he that he can solve all the problems in no time.','A',1),(25,'We cut down many forests. The Earth becomes hot.','The more forests we cut down, the hotter the Earth becomes.','The more we cut down forests, the hotter the Earth becomes.','The more forests we cut down, the Earth becomes hotter.','The more we cut down forests, the Earth becomes hotter.','A',1),(26,'It was an interesting novel. I, therefore, stayed up all night to finish it.','Though it was an interesting novel, I stayed up all night to finish it.','Unless it was an interesting novel, I would stay up all night to finish it.','So interesting was the novel that I stayed up all night to finish it.','I stayed up all night to finish the novel, therefore, it was interesting.','C',1),(27,'“Go on Jack, apply for the job” said Mary.','Mary told Jack to go on and apply for the job.','Mary suggested applying for the job.','Mary said that Jack would apply for the job.','Mary encouraged Jack to apply for the job.','D',1),(28,'I hardly know the truth about Jean’s success in the institute.','I do not know much about Jean’s success in the institute.','It is difficult for Jean to be successful in the institute.','Jean’s success in the institute was not to be known.','Jean hardly become known and successful in the institute.','A',1),(29,'Mary doesn’t like sport. Her two brothers don’t, either.','Neither Mary or her two brothers like sport.','Either Mary nor her two brothers likes sport.','Neither Mary nor her two brothers like sport.','Either Mary or her two brothers like sport.','C',1),(30,'How long have you ------------- he was a liar.','been knowing','knew','know','known','D',1),(31,'This soup is very hot, but I always think the ............... better.','hotter the','hottest','hotter','hot the','A',1),(32,'In my country it\'s ........ warmer than in Japan.','more','many','lot','much','D',1),(33,'Do you get ......................... well with your neighbors?','during','on','next','last','B',1),(34,'It isn\'t as cold today as it ..................... yesterday.','was','were','is','be','A',1),(35,'He is ...................................... boy in the class.','funny','funniest','funnier','the funniest','D',1),(36,'I\'m as ......................... as you are.','worried','worry','worrying','worry','A',1),(37,'My car wasn\'t .................... expensive as yours.','more','the most','as','much','C',1),(39,'How long did it _________ you to type this letter?','want','take','need','require','B',1),(40,'“Where are the letter and the postcard?” They ...... on the table.','were','are','is','have been','B',1),(41,'What is your purpose ........... learning English?','of','to','for','on','A',1),(42,'To my .........., John is very good at Vietnamese.','amazing','amazed','amaze','amazement','D',1),(43,'When I came home yesterday, my wife .............','cooks','cooked','cooking','was cooking','D',1),(44,'What .... to do when you graduate?','are you going','are going','you are going','are you go','A',1),(45,'Triết học ra đời vào thời gian nào?','Thiên niên kỷ II. TCN','Thế kỷ VIII - thế kỷ VI trước CN','Thế kỷ II sau CN','Thế kỷ III sau CN','C',2),(46,'Triết học có chức năng cơ bản nào?','Chức năng thế giới quan','Chức năng phương pháp luận chung nhất','cả a và b','Không có câu trả lời đúng','C',2),(47,'Hãy sắp xếp theo trình tự xuất hiện từ sớm nhất đến muộn nhất các hình thức thế giới quan sau: Triết học, tôn giáo, thần thoại?','Tôn giáo - thần thoại - triết học','Thần thoại - tôn giáo - triết học','Triết học - tôn giáo - thần thoại','Thần thoại - triết học - tôn giáo','C',2),(48,'Triết học ra đời sớm nhất ở đâu?','Ấn Độ, Trung Quốc, Hy Lạp','Ấn Độ, Châu Phi, Nga','Ai Cập, Ấn Độ, Trung Quốc','Châu Phi, Ấn Độ, Trung Quốc','A',2),(49,'Triết học ra đời từ đâu?','Từ thực tiễn, do nhu cầu của thực tiễn','Từ sự suy tư của con người về bản thân mình','Từ sự sáng tạo của nhà tư tưởng','Từ sự vận động của ý muốn chủ quan của con người','A',2),(50,'Thời kỳ Phục Hưng ở Tây Âu là vào thế kỷ nào?','Thế kỷ XIV - XV','Thế kỷ XV - XVI','Thế kỷ XVI - XVII','Thế kỷ XVII - XVIII','B',2),(51,'Tên gọi thời kỳ Phục Hưng ở Tây Âu có nghĩa là gì?','Khôi phục chủ nghĩa duy vật thời kỳ cổ đại','Khôi phục triết học thời kỳ cổ đại','Khôi phục nền văn hoá cổ đại','Khôi phục phép biện chứng tự phát thời kỳ cổ đại','C',2),(52,'Thời kỳ Phục Hưng là thời kỳ quá độ từ hình thái kinh tế - xã hội nào sang hình thái kinh tế - xã hội nào?','Từ hình thái kinh tế - xã hội chiếm hữu nô lệ sang hình thái kinh tế - xã hội phong kiến','Từ hình thái kinh tế - xã hội phong kiến sang kình thái kinh tế - xã hội tư bản chủ nghĩa','Từ hình thái kinh tế - xã hội TBCN sang hình thái kinh tế - xã hội XHCN','Từ hình thái kinh tế xã hội cộng sản nguyên thuỷ sang hình thái kinh tế xã hội chiếm hữu nô lệ','B',2),(53,'Khoa học tự nhiên bắt đầu có sự phát triển mạnh mẽ vào thời kỳ nào?','Thời kỳ Phục Hưng','Thời kỳ trung cổ','Thời kỳ cổ đại','Thời kỳ cận đại','A',2),(54,'Những nhà khoa học và triết học: Côpécních, Brunô, thuộc thời kỳ nào?','Thời kỳ cổ đại','Thời kỳ trung cổ','Thời kỳ cận đại','Thời kỳ Phục Hưng','D',2),(55,'Nicôlai Côpécních là nhà khoa học của nước nào?','Italia','Đức','Ba Lan','Pháp','C',2),(56,'Nicôlai Côpécních đã đưa ra học thuyết nào?','Thuyết trái đất là trung tâm của vũ trụ','Thuyết cấu tạo nguyên tử của vật chất','Thuyết ý niệm là nguồn gốc của thế giới','Thuyết mặt trời là trung tâm của vũ trụ','D',2),(57,'Đối với thế giới quan tôn giáo, phát minh của Côpécních có ý nghĩa gì?','Củng cố thế giới quan tôn giáo','Bác bỏ nền tảng của thế giới quan tôn giáo','Chứng minh tính hợp lý của kinh thánh','Không có ảnh hưởng gì đối với thế giới quan tôn giáo','D',2),(58,'Brunô là nhà khoa học và triết học của nước nào?','Đức','Pháp','Ba Lan','Italia','D',2),(59,'Brunô đồng ý với quan niệm của ai về vũ trụ?','Ptôlêmê','Platôn','Nicôlai Côpécních','Hêraclit','C',2),(60,'Khi xây dựng phương pháp mới của khoa học, Brunô đòi hỏi khoa học tự nhiên phải dựa trên cái gì?','Dự trên những giáo điều tôn giáo','Dựa trên ý muốn chủ quan','Dựa trên tình cảm, khát vọng','Dựa trên thực nghiệm','D',2),(61,'Brunô bị toà án tôn giáo xử tội như thế nào?','Tù trung thân','Giam lỏng','Tử hình (thiêu sống)','Tha bổng','C',2),(62,'Triết học của các nhà tư tưởng thời kỳ Phục Hưng có đặc điểm gì?','Có tính chất duy vật tự phát','Có tính duy tâm khách quan','Có tính duy tâm chủ quan','Còn pha trộn giữa các yếu tố duy vật và duy tâm, có tính chất phiếm thần luận','D',2),(63,'Những cuộc cách mạng nổ ra ở Hà Lan, Anh, Pháp... thời kỳ cận đại gọi là những cuộc cách mạng nào?','Cách mạng vô sản','Cách mạng giải phóng dân tộc','Khởi nghĩa của nông dân','Cách mạng tư sản','D',2),(64,'Những cuộc cách mạng thời kỳ cận đại ở Tây Âu do mâu thuẫn giữa lực lượng sản xuất với quan hệ sản xuất nào?','Quan hệ sản xuất phong kiến','Quan hệ sản xuất tư bản chủ nghĩa','Quan hệ sản xuất chiếm hữu nô lệ','Quan hệ sản xuất cộng sản nguyên thuỷ','A',2),(65,'Các cuộc cách mạng ở Tây Âu thời kỳ cận đại nổ ra do mâu thuẫn nào?','Mâu thuẫn giữa lực lượng sản xuất mới với QHSX phong kiến đã trở nên lỗi thời','Mâu thuẫn giữa nông dân và địa chủ phong kiến','Mâu thuẫn giữa nô lệ và chủ nô','Mâu thuẫn giữa tư sản và vô sản','A',2),(66,'Giai cấp nào lãnh đạo cuộc cách mạng thời kỳ cận đại?','Giai cấp vô sản','Giai cấp nông dân','Giai cấp tư sản','Giai cấp địa chủ phong kiến','C',2),(67,'Hai cuộc cách mạng nào ở Tây Âu thời kỳ cận đại được C. Mác gọi là cuộc cách mạng có quy mô toàn Châu Âu và có ý nghĩa lớn đối với sự ra đời trật tự xã hội mới?','Cuộc cách mạng ở Hà Lan và Ý','Cuộc cách mạng ở Ý và ở Áo','Cuộc cách mạng ở Anh giữa thế kỷ XVII','Cuộc cách mạng Pháp cuối thế kỷ XVIII','C',2),(68,'Cuộc cách mạng ở Anh giữa thế kỷ XVII và cuộc cách mạng ở Pháp cuối TK XVIII đánh dấu sự thay thế của trật tự xã hội nào cho xã hội nào?','Trật tự xã hội chiếm hữu nô lệ thay cho trật tự xã hội cộng sản nguyên thuỷ','Trật tự xã hội phong kiến thay cho trật tự xã hội chiếm hữu nô lệ','Trật tự xã hội tư sản thay cho trật tự xã hội phong kiến','Trật tự xã hội xã hội chủ nghĩa thay cho trật tự xã hội tư sản','C',2),(69,'Ngành khoa học nào phát triển rực rỡ nhất và có ảnh hưởng lớn nhất đến phương pháp tư duy của thời kỳ cận đại?','Toán học','sinh học','Hóa học','Cơ học','D',2),(70,'Ph.Bêcơn là nhà triết học của nước nào?','Nước Anh','Nước Đức','Nước Pháp','Nước Ba Lan','A',2),(71,'Về lập trường chính trị, Ph.Bêcơn là nhà tư tưởng của giai cấp nào?','Giai cấp chủ nô','Giai cấp địa chủ phong kiến','Giai cấp nông dân','Giai cấp tư sản và tầng lớp quý tộc mới','D',2),(72,'Theo Ph. Bêcơn con người muốn chiếm được của cải của giới tự nhiên thì cần phải có cái gì?','Có niềm tin vào thượng đế','Có nhiệt tình làm việc','Có tri thức về tự nhiên','Có kinh nghiệm sống','C',2),(73,'Về phương pháp nhận thức Ph.Bêcơn phê phán phương pháp nào?','Phương pháp kinh nghiệm (phương pháp con kiến)','Phương pháp kinh viện (phương pháp con nhện)','Phương pháp phân tích thực nghiệm (phương pháp con ong)','Phương pháp 1 và 2','D',2),(74,'Theo Ph. Bêcơn phương pháp nhận thức tốt nhất là phương pháp nào?','Phương pháp diễn dịch','Phương pháp quy nạp','Phương pháp trừu tượng hoá','Phương pháp mô hình hoá','B',2),(75,'Ngôn ngữ lập trình C được Dennish phát triển dựa trên ngôn ngữ lập trình nào?','Ngôn ngữ B.',' Ngôn ngữ BCPL.',' Ngôn ngữ DEC PDP.  ',' Ngôn ngữ B và BCPL.','D',3),(76,' Ngôn ngữ lập trình được Dennish đưa ra vào năm nào?',' 1967.','1972','1970','1976','B',3),(77,'Ngôn ngữ lập trình nào dưới đây là ngôn ngữ lập trình có cấu trúc?','  Ngôn ngữ Assembler.',' Ngôn ngữ C và Pascal.','Ngôn ngữ Cobol.','  a, b và c.','B',3),(78,'Những tên biến nào dưới đây được viết đúng theo quy tắc đặt tên của ngôn ngữ lập trình C?','diemtoan','3diemtoan','_diemtoan','-diemtoan','C',3),(79,'Một biến được gọi là biến toàn cục nếu:','Nó được khai báo tất cả các hàm, ngoại trừ hàm main().','Nó được khai báo ngoài tất cả các hàm kể cả hàm main().','Nó được khai báo bên ngoài hàm main().','Nó được khai báo bên trong hàm main().','B',3),(80,' Một biến được gọi là một biến địa phương nếu:','Nó được khai báo bên trong các hàm hoặc thủ tục, kể cả hàm main().','  Nó đươc khai báo bên trong các hàm ngoại trừ hàm main().',' Nó được khai báo bên trong hàm main().','Nó được khai báo bên ngoài các hàm kể cả hàm main().','A',3),(81,'Nếu x là một biến toàn cục và x không phải là một con trỏ thì:',' Miền nhớ dành cho x có thể thay đổi trong quá trình thực hiện chương trình.','Miền nhớ dành cho x chỉ có thay đổi bởi những thao tác với x bên trong hàm main().',' Miền nhớ dành cho x sẽ thay đổi bởi những thao tác với x trong tất cả các hàm, kể cả hàm main().','Miền nhớ giành cho x không bị thay đổi trong quá trình thực hiện chương trình.','D',3),(82,'Kiểu dữ liệu nào dưới đây được coi là kiểu dữ liệu cơ bản trong ngôn ngữ lập trình C:','Kiểu double.','Kiểu con trỏ.','Kiểu hợp.','Kiểu mảng.','A',3),(83,'Giả sử a, b là hai số thực. Biểu thức nào dưới đây viết không đúng theo cú pháp của ngôn ngữ lập trình C:','(a+=b).','(a*=b).','(a=b).','(a&=b).','D',3),(84,'Giả sử a và b là hai số thực. Biểu thức nào dưới đây là không được phép theo cú pháp của ngôn ngữ lập trình C:','(ab).','  (a-=b).',' (a>>=b).','(a*=b).','C',3),(85,'Xâu định dạng nào dưới đây dùng để in ra một số nguyên hệ 16:','  “%d”.','   “%x”.','“%i”.',' “%u”.','B',3),(86,'Xâu định dạng nào dưới đây dùng để in ra một số nguyên ở hệ 8:','“%ld”',' “%x”.','“%o”.','“%u”.','C',3),(87,'Xâu định dạng nào dưới đây dùng để in ra một kí tự:','“%f”.','“%x”.','“%s”.','“%c”.','D',3),(88,' Xâu định dạng nào dưới đây dùng để in ra một xâu kí tự:',' “%f”','“%x”.','  “%s”.','   “%c”.','C',3),(89,' Xâu định dạng nào dưới đây dùng để in ra một số nguyên dài:',' “%ld”.',' “%x”.','  “%d”.',' “%o”.','A',3),(90,'Xâu định dạng nào dưới đây dùng để in ra địa chỉ của một biến:',' “%u”.',' “%e”.',' “%o”.','d)     “%p”.','D',3),(91,' Xâu định dạng nào dưới đây dùng để in ra một số nguyên:',' “%u”.',' “%e”','   “%d”.','  “%p”.','C',3),(93,'Xâu định dạng nào dưới đây dùng để in ra một số thực có độ chính xác kép:',' “%u”','“%e”.','   “%o”.',' “%p”.','B',3),(94,'Xâu định dạng nào sau đây dùng để in ra một số thực có độ chính xác đơn:','“%u”.',' “%e”.',' “%f”.','“%o”.','C',3),(95,'Kiểu dữ liệu int( kiểu số nguyên) có thể xử lí số nguyên nằm trong khoảng nào:','  0…255.',' -32768…32767.',' -128…127.','  0…65535.','B',3),(96,'Cho a=3, b=2 và c là 3 biến nguyên. Biểu thức nào sau viết sai cú pháp trong ngôn ngữ lập trình C :',' (c=a & b).  ',' (c=a && b).',' (c= a/b).',' (c= a<<b).','A',3),(97,'Giả sử a và b là 2 số thực. Biểu thức nào dưới đây là không được phép :','  (a+=b).',' (a-=b).','  (a>>=b).','(a*=b).','C',3),(98,'Cho a=3, b=2. Biến c=(a<<=b) sẽ có giá trị nào dưới đây :','   c=9 ',' c=12.[ c =(a=(a<<=b)) = (a= a.2b)].',' c=6.','  c=8.','B',3),(99,'Kết quả hiển thị ra màn hình của chương trình sau là gì :\r\n#include <stdio.h>\r\nvoid main()\r\n{\r\n            int a,b ;\r\n            a=100 ;\r\n            b=56 ;\r\n            printf(“%d”,(a<b) ? a:b);\r\n}','56','100','   Báo lỗi khi thực hiện xây dựng chương trình.','Kết quả khác.','A',3),(100,'Trong các hàm sau, hàm nào là hàm không định dạng để in một chuỗi kí tự ra màn hình:','puts().',' printf().','   scanf().','     gets().','A',3),(101,'Kết quả của chương trình sau:\r\n#include “stdio.h”\r\nvoid main()\r\n{\r\n            int i;\r\n            i=10;\r\n            printf(“%o”,i);\r\n}','12','10','8','Kết quả khác','A',3),(102,'Sử dụng cách truyền nào trong hàm sẽ không làm thay đổi giá trị của biến trong chương trình chính:','Truyền bằng trị.','Truyền bằng giá trị địa chỉ của tham số.','Cả a và b đều đúng.','Cả a và b đều sai.','A',3),(103,'Cho biết giá trị của biểu thức 5>1 :','-1','0','1','Không câu nào đúng','C',3),(104,': Cho biết giá trị của biểu thức 2+4>2&&4<2 :','1','0','-1','Không câu nào đúng','B',3),(105,'Biến con trỏ có thể chứa :','  Địa chỉ vùng nhớ của một biến khác.','Giá trị của một biến khác.','   Cả a và b đều đúng.','   Cả a và b đều sai.','A',3),(106,'Dữ liệu kí tự bao gồm :',' Các kí tự số chữ số.',' Các kí tự chữ cái.','Các kí tự đặc biệt.','Cả a,b và c.','D',3),(107,'Trường khóa chính là trường:','Single Key','Unique Key ','First Key','Primary Key ','D',4),(108,'Câu nào trong các câu dưới đây sai khi nói về hệ CSDL khách-chủ?','Trong kiến trúc khách-chủ, các thành phần tương tác với nhau tạo nên hệ thống gồm thành phần yêu cầu tài nguyên và thành phần cấp tài nguyên','cùng một máy tính','Thành phần cấp tài nguyên thường được cài đặt tại một máy chủ trên mạng (cục bộ)','Thành phần yêu cầu tài nguyên có thể cài đặt tại nhiều máy khác (máy khách)','B',4),(109,'Câu nào trong các câu dưới đây sai khi nói về hệ CSDL cá nhân?','Người dùng đóng vai trò là người quản trị CSDL','Tính an toàn của hệ CSDL cá nhân rất cao','Hệ CSDL cá nhân được lưu trữ trên 1 máy','Hệ CSDL chỉ cho phép 1 người dùng tại một thời điểm','A',4),(110,'Trường khóa chính là trường:','Single Key','Unique Key ','First Key','Primary Key ','D',4),(111,'Câu nào trong các câu dưới đây sai khi nói về hệ CSDL khách-chủ?','Trong kiến trúc khách-chủ, các thành phần (của hệ QTCSDL) tương tác với nhau tạo nên hệ thống gồm thành phần yêu cầu tài nguyên và thành phần cấp tài nguyên','cùng một máy tính','Thành phần cấp tài nguyên thường được cài đặt tại một máy chủ trên mạng (cục bộ)','Thành phần yêu cầu tài nguyên có thể cài đặt tại nhiều máy khác (máy khách)','B',4),(112,'Câu nào trong các câu dưới đây sai khi nói về hệ CSDL cá nhân?','Người dùng đóng vai trò là người quản trị CSDL','Tính an toàn của hệ CSDL cá nhân rất cao','Hệ CSDL cá nhân được lưu trữ trên 1 máy','Hệ CSDL chỉ cho phép 1 người dùng tại một thời điểm','A',4);
/*!40000 ALTER TABLE `question` ENABLE KEYS */;
UNLOCK TABLES;

--
-- Table structure for table `users`
--

DROP TABLE IF EXISTS `users`;
/*!40101 SET @saved_cs_client     = @@character_set_client */;
/*!50503 SET character_set_client = utf8mb4 */;
CREATE TABLE `users` (
  `id` int NOT NULL AUTO_INCREMENT,
  `fullname` varchar(500) CHARACTER SET utf8 COLLATE utf8_general_ci DEFAULT NULL,
  PRIMARY KEY (`id`)
) ENGINE=InnoDB AUTO_INCREMENT=47 DEFAULT CHARSET=utf8mb3 COLLATE=utf8_unicode_ci;
/*!40101 SET character_set_client = @saved_cs_client */;

--
-- Dumping data for table `users`
--

LOCK TABLES `users` WRITE;
/*!40000 ALTER TABLE `users` DISABLE KEYS */;
INSERT INTO `users` VALUES (1,'Thanh Sang'),(2,'sang'),(3,'sa'),(4,'sang'),(5,'sang'),(6,'sa'),(7,'abc'),(8,'sa'),(9,'sang'),(10,'sang'),(11,'abcd'),(12,'sang'),(13,'pls'),(14,'xyz'),(15,'sa'),(16,'sa'),(17,'kel'),(18,'abc'),(19,'cbx'),(20,'cvx'),(21,'123'),(22,'xcv'),(23,'sa'),(24,'123'),(25,'256'),(26,'sa'),(27,'sa'),(28,'sa'),(29,'369'),(30,'sa'),(31,'thanh'),(32,'sa'),(33,'sangs d'),(34,'cvds'),(35,'123s'),(36,'123'),(37,'123456'),(38,'cdcxz'),(39,'sa'),(40,'cda'),(41,'sdad'),(42,'thanhsagn'),(43,'sdcd'),(44,'sag'),(45,'1203'),(46,'sgb');
/*!40000 ALTER TABLE `users` ENABLE KEYS */;
UNLOCK TABLES;
/*!40103 SET TIME_ZONE=@OLD_TIME_ZONE */;

/*!40101 SET SQL_MODE=@OLD_SQL_MODE */;
/*!40014 SET FOREIGN_KEY_CHECKS=@OLD_FOREIGN_KEY_CHECKS */;
/*!40014 SET UNIQUE_CHECKS=@OLD_UNIQUE_CHECKS */;
/*!40101 SET CHARACTER_SET_CLIENT=@OLD_CHARACTER_SET_CLIENT */;
/*!40101 SET CHARACTER_SET_RESULTS=@OLD_CHARACTER_SET_RESULTS */;
/*!40101 SET COLLATION_CONNECTION=@OLD_COLLATION_CONNECTION */;
/*!40111 SET SQL_NOTES=@OLD_SQL_NOTES */;

-- Dump completed on 2022-01-14  8:19:20
